–Т—Л–ґ–Є–ї;P–Ї–ї–∞—Б—Б;–°–µ–Ї—Б;–Т–Њ–Ј—А–∞—Б—В;–°–Є–±—Б–њ;–Я–∞—А—З;–Я—А–Њ–µ–Ј–і–љ–Њ–є –±–Є–ї–µ—В;–Ґ—А–∞–љ—Б–њ–Њ—А—В–љ—Л–µ —А–∞—Б—Е–Њ–і—Л;–Ъ–∞–±–Є–љ–∞;–Ю—В–њ—А–∞–≤–Є–ї—Б—П
0;3;male;2000.0;1;0;A/5 21171;2025-07-01 00:00:00;B96 B98;S
1;1;female;1984.0;1;0;PC 17599;71.2833;C85;C
1;3;female;1996.0;0;0;STON/O2. 3101282;7.925;B96 B98;S
1;1;female;1987.0;1;0;113803;53.1;C123;S
0;3;male;1987.0;0;0;373450;2022-05-08 00:00:00;B96 B98;S
0;3;male;1992.3008823529408;0;0;330877;4583-08-01 00:00:00;B96 B98;Q
0;1;male;1968.0;0;0;17463;51.8625;E46;S
0;3;male;2020.0;3;1;349909;21.075;B96 B98;S
1;3;female;1995.0;0;2;347742;11.1333;B96 B98;S
1;2;female;2008.0;1;0;237736;30.0708;B96 B98;C
1;3;female;2018.0;1;1;PP 9549;2022-07-16 00:00:00;G6;S
1;1;female;1964.0;0;0;113783;26.55;C103;S
0;3;male;2002.0;0;0;A/5. 2151;2022-05-08 00:00:00;B96 B98;S
0;3;male;1983.0;1;5;347082;31.275;B96 B98;S
0;3;female;2008.0;0;0;350406;8542-07-01 00:00:00;B96 B98;S
1;2;female;1967.0;0;0;248706;16.0;B96 B98;S
0;3;male;2020.0;4;1;382652;29.125;B96 B98;Q
1;2;male;1992.3008823529408;0;0;244373;13.0;B96 B98;S
0;3;female;1991.0;1;0;345763;18.0;B96 B98;S
1;3;female;1992.3008823529408;0;0;2649;7.225;B96 B98;C
0;2;male;1987.0;0;0;239865;26.0;B96 B98;S
1;2;male;1988.0;0;0;248698;13.0;D56;S
1;3;female;2007.0;0;0;330923;8.0292;B96 B98;Q
1;1;male;1994.0;0;0;113788;35.5;A6;S
0;3;female;2014.0;3;1;349909;21.075;B96 B98;S
1;3;female;1984.0;1;5;347077;31.3875;B96 B98;S
0;3;male;1992.3008823529408;0;0;2631;7.225;B96 B98;C
0;1;male;2003.0;3;2;19950;263.0;C23 C25 C27;S
1;3;female;1992.3008823529408;0;0;330959;8792-07-01 00:00:00;B96 B98;Q
0;3;male;1992.3008823529408;0;0;349216;8958-07-01 00:00:00;B96 B98;S
0;1;male;1982.0;0;0;PC 17601;27.7208;B96 B98;C
1;1;female;1992.3008823529408;1;0;PC 17569;146.5208;B78;C
1;3;female;1992.3008823529408;0;0;335677;1975-07-01 00:00:00;B96 B98;Q
0;2;male;1956.0;0;0;C.A. 24579;2022-05-10 00:00:00;B96 B98;S
0;1;male;1994.0;1;0;PC 17604;82.1708;B96 B98;C
0;1;male;1980.0;1;0;113789;52.0;B96 B98;S
1;3;male;1992.3008823529408;0;0;2677;2292-07-01 00:00:00;B96 B98;C
0;3;male;2001.0;0;0;A./5. 2152;2022-05-08 00:00:00;B96 B98;S
0;3;female;2004.0;2;0;345764;18.0;B96 B98;S
1;3;female;2008.0;1;0;2651;2417-11-01 00:00:00;B96 B98;C
0;3;female;1982.0;1;0;7546;9.475;B96 B98;S
0;2;female;1995.0;1;0;11668;21.0;B96 B98;S
0;3;male;1992.3008823529408;0;0;349253;8958-07-01 00:00:00;B96 B98;C
1;2;female;2019.0;1;2;SC/Paris 2123;41.5792;B96 B98;C
1;3;female;2003.0;0;0;330958;8792-07-01 00:00:00;B96 B98;Q
0;3;male;1992.3008823529408;0;0;S.C./A.4. 23567;2022-05-08 00:00:00;B96 B98;S
0;3;male;1992.3008823529408;1;0;370371;2022-05-15 00:00:00;B96 B98;Q
1;3;female;1992.3008823529408;0;0;14311;1975-07-01 00:00:00;B96 B98;Q
0;3;male;1992.3008823529408;2;0;2662;21.6792;B96 B98;C
0;3;female;2004.0;1;0;349237;2022-08-17 00:00:00;B96 B98;S
0;3;male;2015.0;4;1;3101295;39.6875;B96 B98;S
0;3;male;2001.0;0;0;A/4. 39886;2022-08-07 00:00:00;B96 B98;S
1;1;female;1973.0;1;0;PC 17572;76.7292;D33;C
1;2;female;1993.0;1;0;2926;26.0;B96 B98;S
0;1;male;1957.0;0;1;113509;61.9792;B30;C
1;1;male;1992.3008823529408;0;0;19947;35.5;C52;S
1;2;female;2001.0;0;0;C.A. 31026;2022-05-10 00:00:00;B96 B98;S
0;3;male;1993.5;0;0;2697;2292-07-01 00:00:00;B96 B98;C
1;2;female;2017.0;1;2;C.A. 34651;27.75;B96 B98;S
0;3;male;2011.0;5;2;CA 2144;46.9;B96 B98;S
0;3;male;2000.0;0;0;2669;2292-07-01 00:00:00;B96 B98;C
1;1;female;1984.0;0;0;113572;80.0;B28;S
0;1;male;1977.0;1;0;36973;83.475;C83;S
0;3;male;2018.0;3;2;347088;2022-09-27 00:00:00;B96 B98;S
0;1;male;1992.3008823529408;0;0;PC 17605;27.7208;B96 B98;C
1;3;male;1992.3008823529408;1;1;2661;15.2458;B96 B98;C
1;2;female;1993.0;0;0;C.A. 29395;2022-05-10 00:00:00;F33;S
0;3;male;2003.0;0;0;S.P. 3464;8.1583;B96 B98;S
1;3;female;2005.0;4;2;3101281;7.925;B96 B98;S
0;3;male;1996.0;2;0;315151;6625-08-01 00:00:00;B96 B98;S
0;2;male;1990.0;0;0;C.A. 33111;2022-05-10 00:00:00;B96 B98;S
0;3;female;2006.0;5;2;CA 2144;46.9;B96 B98;S
0;2;male;2001.0;0;0;S.O.C. 14879;73.5;B96 B98;S
0;3;male;1996.0;1;0;2680;14.4542;B96 B98;C
1;3;male;1990.0;0;0;1601;56.4958;B96 B98;S
0;3;male;1997.0;0;0;348123;1965-07-01 00:00:00;F G73;S
0;3;male;1992.3008823529408;0;0;349208;8958-07-01 00:00:00;B96 B98;S
0;3;male;1992.3008823529408;0;0;374746;2022-05-08 00:00:00;B96 B98;S
1;2;male;2021.17;0;2;248738;29.0;B96 B98;S
1;3;female;1992.0;0;0;364516;12.475;B96 B98;S
0;3;male;2000.0;0;0;345767;9.0;B96 B98;S
1;3;male;1993.0;0;0;345779;2022-05-09 00:00:00;B96 B98;S
1;3;female;1992.3008823529408;0;0;330932;7875-07-01 00:00:00;B96 B98;Q
0;1;male;1994.0;0;0;113059;47.1;B96 B98;S
1;2;female;2005.0;0;0;SO/C 14885;2022-05-10 00:00:00;B96 B98;S
1;3;female;1989.0;3;0;3101278;15.85;B96 B98;S
0;3;male;2006.0;1;3;W./C. 6608;34.375;B96 B98;S
0;3;male;1992.3008823529408;0;0;SOTON/OQ 392086;2022-05-08 00:00:00;B96 B98;S
1;1;female;1999.0;3;2;19950;263.0;C23 C25 C27;S
0;3;male;1998.0;0;0;343275;2022-05-08 00:00:00;B96 B98;S
0;3;male;1993.0;0;0;343276;2022-05-08 00:00:00;B96 B98;S
0;3;male;2002.0;0;0;347466;8542-07-01 00:00:00;B96 B98;S
0;1;male;1976.0;1;0;W.E.P. 5734;61.175;E31;S
0;3;male;1996.0;1;2;C.A. 2315;20.575;B96 B98;S
0;3;male;1963.0;0;0;364500;2025-07-01 00:00:00;B96 B98;S
0;3;male;1992.3008823529408;0;0;374910;2022-05-08 00:00:00;B96 B98;S
0;1;male;1951.0;0;0;PC 17754;34.6542;A5;C
1;1;male;1999.0;0;1;PC 17759;63.3583;D10 D12;C
1;2;female;1988.0;0;1;231919;23.0;B96 B98;S
0;2;male;1988.0;1;0;244367;26.0;B96 B98;S
0;3;female;1994.0;0;0;349245;8958-07-01 00:00:00;B96 B98;S
0;3;male;1992.3008823529408;0;0;349215;8958-07-01 00:00:00;B96 B98;S
0;1;male;2001.0;0;1;35281;77.2875;D26;S
0;3;male;1989.0;0;0;7540;6542-08-01 00:00:00;B96 B98;S
0;3;male;1985.0;2;0;3101276;7.925;B96 B98;S
0;3;male;1994.0;0;0;349207;8958-07-01 00:00:00;B96 B98;S
1;3;female;2001.0;0;0;343120;1965-07-01 00:00:00;B96 B98;S
1;3;male;1992.3008823529408;0;0;312991;7.775;B96 B98;S
0;3;male;1984.0;0;0;349249;8958-07-01 00:00:00;B96 B98;S
1;3;female;1992.3008823529408;1;0;371110;24.15;B96 B98;Q
0;1;male;1975.0;0;0;110465;52.0;C110;S
0;3;female;2007.5;1;0;2665;14.4542;B96 B98;C
0;3;male;2000.0;0;0;324669;2022-05-08 00:00:00;B96 B98;S
0;3;female;2002.0;1;0;4136;9.825;B96 B98;S
0;3;female;2005.0;0;0;2627;14.4583;B96 B98;C
0;3;male;2001.0;0;0;STON/O 2. 3101294;7.925;B96 B98;S
0;3;male;1951.5;0;0;370369;1975-07-01 00:00:00;B96 B98;Q
0;2;male;1993.0;1;0;11668;21.0;B96 B98;S
0;1;male;1998.0;0;1;PC 17558;247.5208;B58 B60;C
0;3;female;2020.0;4;2;347082;31.275;B96 B98;S
0;2;male;2001.0;2;0;S.O.C. 14879;73.5;B96 B98;S
0;3;male;1992.3008823529408;0;0;A4. 54510;2022-05-08 00:00:00;B96 B98;S
0;2;male;1989.5;1;0;237736;30.0708;B96 B98;C
1;2;female;1989.5;0;0;27267;13.0;E101;S
0;1;male;1968.0;0;1;35281;77.2875;D26;S
1;3;male;2010.0;1;0;2651;2417-11-01 00:00:00;B96 B98;C
0;3;male;1992.3008823529408;0;0;370372;1975-07-01 00:00:00;B96 B98;Q
1;3;male;1998.0;0;0;C 17369;7.1417;B96 B98;S
1;3;female;1992.3008823529408;1;1;2668;22.3583;F E69;C
0;3;male;1977.0;0;0;347061;6.975;B96 B98;S
0;3;male;1989.0;0;0;349241;8958-07-01 00:00:00;B96 B98;C
0;3;male;2002.0;0;0;SOTON/O.Q. 3101307;2022-05-07 00:00:00;B96 B98;S
0;3;female;1975.0;1;0;A/5. 3337;2022-05-14 00:00:00;B96 B98;S
1;2;female;1993.0;1;0;228414;26.0;B96 B98;S
0;2;male;1997.0;0;0;C.A. 29178;13.0;B96 B98;S
0;2;male;1999.0;0;0;SC/PARIS 2133;15.0458;B96 B98;C
1;1;female;2003.0;0;2;11752;26.2833;D47;S
0;1;male;1985.0;1;0;113803;53.1;C123;S
0;3;male;2006.0;0;0;7534;2167-09-01 00:00:00;B96 B98;S
0;1;male;1998.0;0;0;PC 17593;79.2;B86;C
0;3;female;1992.3008823529408;0;2;2678;15.2458;B96 B98;C
1;3;female;2000.0;0;0;347081;1975-07-01 00:00:00;B96 B98;S
1;3;female;1998.0;1;0;STON/O2. 3101279;15.85;B96 B98;S
0;3;male;2003.0;0;0;365222;1975-06-01 00:00:00;B96 B98;Q
0;2;male;2004.0;0;0;231945;2022-05-11 00:00:00;B96 B98;S
0;2;male;2003.0;1;1;C.A. 33112;36.75;B96 B98;S
1;3;male;1995.0;0;0;350043;7958-07-01 00:00:00;B96 B98;S
0;3;female;2013.0;2;2;W./C. 6608;34.375;B96 B98;S
0;2;male;1985.5;0;2;230080;26.0;F2;S
0;2;male;1980.0;0;0;244310;13.0;B96 B98;S
0;2;male;1971.0;0;0;S.O.P. 1166;12.525;B96 B98;S
1;1;female;2000.0;1;0;113776;66.6;C2;S
0;3;male;1966.5;0;0;A.5. 11206;2022-05-08 00:00:00;B96 B98;S
0;3;male;1981.5;0;2;A/5. 851;2022-05-14 00:00:00;B96 B98;S
0;3;male;1992.3008823529408;0;0;Fa 265302;3125-07-01 00:00:00;B96 B98;S
0;1;male;1971.0;0;1;PC 17597;61.3792;B96 B98;C
1;3;female;2006.0;0;0;35851;7333-07-01 00:00:00;B96 B98;Q
0;3;male;1992.0;0;0;SOTON/OQ 392090;2022-05-08 00:00:00;B96 B98;S
0;3;male;1992.3008823529408;0;0;315037;6625-08-01 00:00:00;B96 B98;S
0;3;male;1992.3008823529408;8;2;CA. 2343;69.55;B96 B98;S
0;3;male;1978.0;0;1;371362;2022-01-16 00:00:00;B96 B98;S
1;2;female;1982.0;0;0;C.A. 33595;15.75;B96 B98;S
0;3;male;1996.0;0;0;347068;7.775;B96 B98;S
0;3;male;2005.0;0;0;315093;6625-08-01 00:00:00;B96 B98;S
0;3;male;2021.0;4;1;3101295;39.6875;B96 B98;S
1;3;male;2013.0;0;2;363291;20.525;B96 B98;S
1;1;female;1992.3008823529408;0;1;113505;55.0;E33;S
0;3;female;1977.0;1;4;347088;2022-09-27 00:00:00;B96 B98;S
0;1;male;1992.3008823529408;0;0;PC 17318;25.925;B96 B98;S
0;3;male;1994.0;0;0;1601;56.4958;B96 B98;S
0;1;male;1961.0;0;0;111240;33.5;B19;S
0;3;male;2018.0;4;1;382652;29.125;B96 B98;Q
1;3;female;2021.0;1;1;347742;11.1333;B96 B98;S
0;3;male;2001.0;0;0;STON/O 2. 3101280;7.925;B96 B98;S
0;1;male;1966.0;0;0;17764;30.6958;A7;C
0;3;male;2004.0;1;1;350404;8542-07-01 00:00:00;B96 B98;S
0;3;male;1992.3008823529408;3;1;4133;25.4667;B96 B98;S
0;1;female;1972.0;0;0;PC 17595;28.7125;C49;C
0;2;male;1992.0;0;0;250653;13.0;B96 B98;S
0;3;male;1986.0;0;0;LINE;0.0;B96 B98;S
0;3;female;1992.3008823529408;8;2;CA. 2343;69.55;B96 B98;S
0;2;male;1992.3008823529408;0;0;SC/PARIS 2131;2022-05-15 00:00:00;B96 B98;C
0;3;male;2013.0;4;2;347077;31.3875;B96 B98;S
1;2;male;2021.0;2;1;230136;39.0;F4;S
1;3;female;2018.0;0;2;315153;22.025;B96 B98;S
0;1;male;1992.3008823529408;0;0;113767;50.0;A32;S
1;3;female;1992.3008823529408;1;0;370365;2022-05-15 00:00:00;B96 B98;Q
1;1;male;1977.0;0;0;111428;26.55;B96 B98;S
0;3;male;1982.0;1;1;364849;2022-05-15 00:00:00;B96 B98;Q
0;3;male;1986.0;0;0;349247;8958-07-01 00:00:00;B96 B98;S
1;2;female;1990.0;0;0;234604;13.0;B96 B98;S
0;2;male;2003.0;0;0;28424;13.0;B96 B98;S
1;3;female;2003.0;1;0;350046;8542-07-01 00:00:00;B96 B98;S
1;2;male;2019.0;1;1;230080;26.0;F2;S
1;1;female;1978.0;0;0;PC 17610;27.7208;B4;C
1;1;female;1964.0;0;0;PC 17569;146.5208;B80;C
0;3;male;1992.3008823529408;0;0;368703;1975-07-01 00:00:00;B96 B98;Q
0;3;male;1980.0;0;1;4579;4042-08-01 00:00:00;B96 B98;S
1;3;female;1992.3008823529408;0;0;370370;1975-07-01 00:00:00;B96 B98;Q
0;2;female;1998.0;0;0;248747;13.0;B96 B98;S
0;3;male;1994.0;0;0;345770;2022-05-09 00:00:00;B96 B98;S
0;3;male;1992.3008823529408;8;2;CA. 2343;69.55;B96 B98;S
0;3;male;1988.0;0;0;3101264;4958-06-01 00:00:00;B96 B98;S
0;3;male;1976.5;0;0;2628;7.225;B96 B98;C
1;3;male;2004.0;0;0;A/5 3540;2022-05-08 00:00:00;B96 B98;S
0;3;female;2020.0;0;1;347054;4625-10-01 00:00:00;G6;S
0;3;male;1990.0;1;0;3101278;15.85;B96 B98;S
1;3;male;1996.0;0;0;2699;18.7875;B96 B98;C
1;3;female;2006.0;0;0;367231;1975-07-01 00:00:00;B96 B98;Q
1;1;male;1982.0;0;0;112277;31.0;A31;C
0;3;male;1998.0;0;0;SOTON/O.Q. 3101311;2022-05-07 00:00:00;B96 B98;S
1;2;female;1987.0;0;0;F.C.C. 13528;21.0;B96 B98;S
0;3;male;2000.0;0;0;A/5 21174;2025-07-01 00:00:00;B96 B98;S
0;2;male;1992.0;0;0;250646;13.0;B96 B98;S
0;3;male;1992.3008823529408;1;0;367229;1975-07-01 00:00:00;B96 B98;Q
1;1;female;1991.0;1;0;35273;113.275;D36;C
1;3;female;1995.0;0;0;STON/O2. 3101283;7.925;B96 B98;S
0;2;male;1980.0;1;0;243847;27.0;B96 B98;S
1;1;female;1990.0;0;0;11813;76.2917;D15;C
0;2;male;1992.0;0;0;W/C 14208;2022-05-10 00:00:00;B96 B98;S
1;3;male;2006.0;0;0;SOTON/OQ 392089;2022-05-08 00:00:00;B96 B98;S
0;2;male;1995.0;0;0;220367;13.0;B96 B98;S
0;3;male;1971.0;0;0;21440;2022-05-08 00:00:00;B96 B98;S
0;3;male;1992.3008823529408;0;0;349234;8958-07-01 00:00:00;B96 B98;S
1;1;male;1984.0;1;0;19943;90.0;C93;S
0;3;male;2000.0;0;0;PP 4348;1935-09-01 00:00:00;B96 B98;S
1;2;male;2003.0;0;0;SW/PP 751;2022-05-10 00:00:00;B96 B98;S
0;3;male;2001.5;0;0;A/5 21173;2025-07-01 00:00:00;B96 B98;S
0;2;male;2004.0;0;0;236171;13.0;B96 B98;S
0;3;female;1992.3008823529408;3;1;4133;25.4667;B96 B98;S
1;1;female;1987.0;1;0;36973;83.475;C83;S
0;3;male;1993.0;0;0;347067;7.775;B96 B98;S
0;2;male;1963.0;0;0;237442;2022-05-13 00:00:00;B96 B98;S
1;3;female;2017.0;4;2;347077;31.3875;B96 B98;S
0;2;male;1998.0;0;0;C.A. 29566;2022-05-10 00:00:00;B96 B98;S
0;3;female;1992.3008823529408;0;0;W./C. 6609;1955-07-01 00:00:00;B96 B98;S
0;2;male;1978.0;1;0;26707;26.0;B96 B98;S
1;2;female;2014.0;0;2;C.A. 31921;26.25;B96 B98;S
0;2;male;2003.0;0;0;28665;2022-05-10 00:00:00;B96 B98;S
0;2;male;1989.0;0;0;SCO/W 1585;12.275;B96 B98;S
0;3;female;1992.3008823529408;1;0;2665;14.4542;B96 B98;C
1;3;female;1992.3008823529408;1;0;367230;2022-05-15 00:00:00;B96 B98;Q
0;2;male;1993.0;0;0;W./C. 14263;2022-05-10 00:00:00;B96 B98;S
0;3;male;2000.0;0;0;STON/O 2. 3101275;7.125;B96 B98;S
0;3;male;1992.0;0;0;2694;7.225;B96 B98;C
0;1;male;1978.0;2;0;19928;90.0;C78;Q
0;3;female;1997.0;0;0;347071;7.775;B96 B98;S
1;2;female;1998.0;0;2;250649;2022-05-14 00:00:00;B96 B98;S
1;1;male;1985.0;1;1;11751;52.5542;D35;S
0;2;male;1968.0;1;0;244252;26.0;B96 B98;S
0;3;male;1992.3008823529408;0;0;362316;2025-07-01 00:00:00;B96 B98;S
0;3;female;1993.0;1;1;347054;4625-10-01 00:00:00;G6;S
0;1;male;1960.0;0;0;113514;26.55;C87;S
0;3;male;1992.0;1;0;A/5. 3336;2022-01-16 00:00:00;B96 B98;S
0;3;female;1981.0;0;2;370129;20.2125;B96 B98;S
1;3;female;1993.0;0;2;2650;15.2458;B96 B98;C
1;1;female;1992.3008823529408;0;0;PC 17585;79.2;B96 B98;C
1;1;female;1992.0;0;0;110152;86.5;B77;S
1;1;female;1987.0;0;0;PC 17755;512.3292;B96 B98;C
1;2;female;1972.0;0;1;230433;26.0;B96 B98;S
0;3;male;1992.3008823529408;0;0;384461;1975-07-01 00:00:00;B96 B98;Q
1;3;male;2019.0;4;2;347077;31.3875;B96 B98;S
0;1;male;1970.0;1;1;110413;79.65;E67;S
0;1;male;1982.0;0;0;112059;0.0;B94;S
0;3;female;1992.3008823529408;0;0;382649;1975-07-01 00:00:00;B96 B98;Q
0;2;male;1986.0;0;0;C.A. 17248;2022-05-10 00:00:00;B96 B98;S
0;3;male;2006.0;4;1;3101295;39.6875;B96 B98;S
1;3;male;1997.0;1;0;347083;7.775;B96 B98;S
1;1;female;1964.0;0;1;PC 17582;153.4625;C125;S
1;1;female;1987.0;0;0;PC 17760;135.6333;C99;S
0;1;male;1992.3008823529408;0;0;113798;31.0;B96 B98;S
1;3;male;1997.0;0;0;LINE;0.0;B96 B98;S
1;2;female;1981.0;0;1;250644;2022-05-19 00:00:00;B96 B98;S
0;1;male;1985.0;0;1;PC 17596;2022-07-29 00:00:00;C118;C
1;3;female;1992.3008823529408;0;0;370375;1975-07-01 00:00:00;B96 B98;Q
1;1;female;1959.0;1;0;13502;77.9583;D7;S
0;3;female;1977.0;0;0;347073;1975-07-01 00:00:00;B96 B98;S
0;2;male;1992.3008823529408;0;0;239853;0.0;B96 B98;S
0;3;male;2015.0;4;1;382652;29.125;B96 B98;Q
1;3;female;1987.0;1;1;C.A. 2673;20.25;B96 B98;S
0;3;male;1957.0;0;0;336439;1975-07-01 00:00:00;B96 B98;Q
0;3;male;1994.0;0;0;347464;8542-07-01 00:00:00;B96 B98;S
0;3;male;2006.0;0;0;345778;2022-05-09 00:00:00;B96 B98;S
1;3;male;2003.0;0;0;A/5. 10482;2022-05-08 00:00:00;B96 B98;S
0;1;male;1992.3008823529408;0;0;113056;26.0;A19;S
0;3;male;1989.0;0;0;349239;6625-08-01 00:00:00;B96 B98;C
1;3;male;1992.0;0;0;345774;2022-05-09 00:00:00;B96 B98;S
0;3;male;2000.0;0;0;349206;8958-07-01 00:00:00;B96 B98;S
1;2;male;1980.0;0;0;237798;13.0;B96 B98;S
1;3;female;2000.0;0;0;370373;1975-07-01 00:00:00;B96 B98;Q
1;1;female;1996.0;0;0;19877;78.85;B96 B98;S
1;1;female;2003.0;1;0;11967;91.0792;B49;C
0;2;male;1986.0;0;0;SC/Paris 2163;12.875;D;C
0;3;female;1998.0;0;0;349236;1985-08-01 00:00:00;B96 B98;S
0;3;male;1998.0;0;0;349233;8958-07-01 00:00:00;B96 B98;S
0;1;male;1992.3008823529408;0;0;PC 17612;27.7208;B96 B98;C
0;3;male;1998.5;0;0;2693;2292-07-01 00:00:00;B96 B98;C
0;1;female;2020.0;1;2;113781;151.55;C22 C26;S
1;1;male;1992.3008823529408;0;0;19988;2022-05-30 00:00:00;C106;S
1;1;female;1972.0;0;1;PC 17558;247.5208;B58 B60;C
1;3;female;1992.3008823529408;0;0;9234;1975-07-01 00:00:00;B96 B98;Q
1;3;male;1992.3008823529408;2;0;367226;23.25;B96 B98;Q
0;3;male;2003.0;0;0;LINE;0.0;B96 B98;S
1;2;female;1992.3008823529408;0;0;226593;1935-12-01 00:00:00;E101;Q
0;3;male;1992.3008823529408;0;0;A/5 2466;2022-05-08 00:00:00;B96 B98;S
1;1;male;2021.08;1;2;113781;151.55;C22 C26;S
1;1;female;1992.3008823529408;0;0;17421;110.8833;B96 B98;C
1;1;female;2005.0;1;0;PC 17758;108.9;C65;C
0;2;male;1992.0;1;0;P/PP 3381;24.0;B96 B98;C
1;1;female;1992.0;0;0;PC 17485;56.9292;E36;C
1;1;female;1998.0;0;0;11767;83.1583;C54;C
1;1;female;2004.0;2;2;PC 17608;262.375;B57 B59 B63 B66;C
0;2;female;1996.0;1;1;250651;26.0;B96 B98;S
0;3;male;1994.0;0;0;349243;8958-07-01 00:00:00;B96 B98;S
0;2;male;1979.0;1;1;F.C.C. 13529;26.25;B96 B98;S
1;3;female;1996.0;0;0;347470;8542-07-01 00:00:00;B96 B98;S
1;2;female;1998.0;1;0;244367;26.0;B96 B98;S
0;2;male;1968.0;0;0;29011;14.0;B96 B98;S
1;1;female;1991.0;0;2;36928;164.8667;C7;S
1;1;female;1982.0;1;1;16966;134.5;E34;C
0;3;male;2000.0;0;0;A/5 21172;2025-07-01 00:00:00;B96 B98;S
0;3;male;1995.0;0;0;349219;8958-07-01 00:00:00;B96 B98;S
1;2;female;1992.0;0;0;234818;1935-12-01 00:00:00;B96 B98;Q
1;2;female;2000.0;1;1;248738;29.0;B96 B98;S
0;3;male;1992.3008823529408;8;2;CA. 2343;69.55;B96 B98;S
1;1;female;1986.0;0;0;PC 17760;135.6333;C32;C
0;3;male;1961.0;0;0;345364;2375-06-01 00:00:00;B96 B98;S
1;2;female;1986.0;0;0;28551;13.0;D;S
1;3;female;1991.0;1;1;363291;20.525;B96 B98;S
1;1;female;2006.0;0;1;111361;57.9792;B18;C
1;3;female;1992.3008823529408;2;0;367226;23.25;B96 B98;Q
0;1;male;1976.5;0;0;113043;2022-05-28 00:00:00;C124;S
0;1;male;1984.0;0;1;PC 17582;153.4625;C91;S
0;3;male;2006.0;2;0;345764;18.0;B96 B98;S
1;1;female;1992.3008823529408;1;0;PC 17611;133.65;B96 B98;S
0;3;male;1992.3008823529408;0;0;349225;8958-07-01 00:00:00;B96 B98;S
0;1;male;1993.0;1;0;113776;66.6;C2;S
1;1;female;1981.0;0;0;16966;134.5;E40;C
1;3;male;1977.0;0;0;7598;2022-05-08 00:00:00;B96 B98;S
0;1;male;1977.0;0;0;113784;35.5;T;S
1;2;male;2020.0;1;1;230080;26.0;F2;S
1;1;female;1998.0;3;2;19950;263.0;C23 C25 C27;S
0;2;male;1994.0;0;0;248740;13.0;B96 B98;S
0;2;male;1997.0;0;0;244361;13.0;B96 B98;S
0;2;male;1986.0;0;0;229236;13.0;B96 B98;S
1;2;female;1998.0;0;0;248733;13.0;F33;S
1;2;female;1982.0;0;0;31418;13.0;B96 B98;S
1;3;female;1992.3008823529408;1;0;386525;2022-01-16 00:00:00;B96 B98;S
1;3;male;2019.0;1;1;C.A. 37671;2022-09-15 00:00:00;B96 B98;S
0;3;male;1980.0;0;0;315088;6625-08-01 00:00:00;B96 B98;S
0;3;male;1999.0;0;0;7267;9.225;B96 B98;S
0;1;male;1992.3008823529408;0;0;113510;35.0;C128;S
0;3;male;2007.0;1;1;2695;2292-07-01 00:00:00;B96 B98;C
0;3;male;1997.0;1;0;349237;2022-08-17 00:00:00;B96 B98;S
0;3;male;1992.3008823529408;0;0;2647;7.225;B96 B98;C
0;3;male;1994.0;0;0;345783;2022-05-09 00:00:00;B96 B98;S
1;1;female;2000.0;0;1;113505;55.0;E33;S
0;2;female;1984.0;0;0;237671;13.0;B96 B98;S
1;3;female;1992.3008823529408;0;0;330931;8792-07-01 00:00:00;B96 B98;Q
1;3;female;1992.3008823529408;0;0;330980;8792-07-01 00:00:00;B96 B98;Q
0;3;male;1982.0;1;4;347088;2022-09-27 00:00:00;B96 B98;S
0;2;male;1993.0;1;0;SC/PARIS 2167;27.7208;B96 B98;C
0;3;female;1977.0;0;1;2691;14.4542;B96 B98;C
0;3;male;1987.0;0;0;SOTON/O.Q. 3101310;2022-05-07 00:00:00;B96 B98;S
0;3;male;1992.3008823529408;1;0;370365;2022-05-15 00:00:00;B96 B98;Q
0;3;male;1992.0;0;0;C 7076;2025-07-01 00:00:00;B96 B98;S
1;1;female;1962.0;1;0;110813;75.25;D37;C
1;3;female;1992.3008823529408;0;0;2626;2292-07-01 00:00:00;B96 B98;C
1;3;female;1992.3008823529408;0;0;14313;1975-07-01 00:00:00;B96 B98;Q
1;1;female;1998.0;0;0;PC 17477;69.3;B35;C
1;1;male;1997.0;1;0;11765;55.4417;E50;C
0;3;male;2004.0;1;0;3101267;4958-06-01 00:00:00;B96 B98;S
0;3;male;2003.0;0;0;323951;2022-05-08 00:00:00;B96 B98;S
0;1;male;2000.0;0;0;PC 17760;135.6333;B96 B98;C
0;3;female;2019.0;3;1;349909;21.075;B96 B98;S
1;1;female;1992.3008823529408;1;0;PC 17604;82.1708;B96 B98;C
1;3;female;2000.0;0;0;C 7077;2025-07-01 00:00:00;B96 B98;S
0;1;male;1995.0;0;2;113503;211.5;C82;C
0;3;male;2002.0;0;0;2648;4.0125;B96 B98;C
0;3;male;2003.0;0;0;347069;7.775;B96 B98;S
1;1;female;1980.0;0;0;PC 17757;227.525;B96 B98;C
1;3;female;2021.0;0;2;2653;15.7417;B96 B98;C
0;3;male;1990.0;0;0;STON/O 2. 3101293;7.925;B96 B98;S
1;1;female;1987.0;1;0;113789;52.0;B96 B98;S
0;3;male;1992.3008823529408;0;0;349227;8958-07-01 00:00:00;B96 B98;S
0;2;male;2004.0;0;0;S.O.C. 14879;73.5;B96 B98;S
0;3;male;2021.0;5;2;CA 2144;46.9;B96 B98;S
1;2;female;1986.0;0;0;27849;13.0;B96 B98;S
0;3;male;1992.3008823529408;0;0;367655;7292-07-01 00:00:00;B96 B98;Q
1;2;female;2005.0;0;0;SC 1748;12.0;B96 B98;C
1;1;male;1986.0;1;2;113760;120.0;B96 B98;S
1;3;male;2001.0;0;0;350034;7958-07-01 00:00:00;B96 B98;S
0;3;male;1994.0;2;0;3101277;7.925;B96 B98;S
1;1;female;1999.0;1;0;35273;113.275;D36;C
1;3;female;1998.0;0;2;PP 9549;2022-07-16 00:00:00;G6;S
0;3;male;2000.0;0;0;350052;7958-07-01 00:00:00;B96 B98;S
0;3;female;1991.0;0;0;350407;8542-07-01 00:00:00;B96 B98;S
0;2;male;1976.0;0;0;28403;26.0;B96 B98;S
0;2;male;1999.0;0;0;244278;2022-05-10 00:00:00;B96 B98;S
1;2;female;1994.0;0;0;240929;1965-12-01 00:00:00;B96 B98;S
1;3;male;1983.0;0;0;STON/O 2. 3101289;7.925;B96 B98;S
0;3;male;1996.0;0;0;341826;2022-05-08 00:00:00;B96 B98;S
0;3;female;2001.0;1;0;4137;9.825;B96 B98;S
0;3;male;1994.0;1;0;STON/O2. 3101279;15.85;B96 B98;S
0;3;female;2002.0;0;0;315096;6625-08-01 00:00:00;B96 B98;S
0;2;male;1988.0;1;0;28664;21.0;B96 B98;S
0;3;male;1971.0;0;0;347064;1975-07-01 00:00:00;B96 B98;S
1;2;male;2019.0;1;1;29106;18.75;B96 B98;S
0;3;male;2001.0;0;0;312992;7.775;B96 B98;S
0;3;female;1992.3008823529408;3;1;4133;25.4667;B96 B98;S
0;3;male;1992.3008823529408;0;0;349222;8958-07-01 00:00:00;B96 B98;S
0;3;male;1992.3008823529408;0;0;394140;8583-06-01 00:00:00;B96 B98;Q
1;1;female;1989.0;1;0;19928;90.0;C78;Q
0;2;male;1992.3008823529408;0;0;239853;0.0;B96 B98;S
1;3;male;1978.0;0;0;STON/O 2. 3101269;7.925;B96 B98;S
0;3;female;1992.3008823529408;0;0;343095;2022-05-08 00:00:00;B96 B98;S
1;2;female;1988.0;1;1;28220;32.5;B96 B98;S
1;2;female;2004.0;0;2;250652;13.0;B96 B98;S
0;2;male;1992.0;0;0;28228;13.0;B96 B98;S
0;3;female;2012.0;0;2;345773;24.15;B96 B98;S
0;3;male;1992.3008823529408;0;0;349254;8958-07-01 00:00:00;B96 B98;C
0;3;male;2001.0;0;0;A/5. 13032;7333-07-01 00:00:00;B96 B98;Q
0;3;male;1993.0;0;0;315082;7.875;B96 B98;S
0;3;female;1994.0;1;1;347080;2022-04-14 00:00:00;B96 B98;S
0;3;male;2004.0;1;1;370129;20.2125;B96 B98;S
0;3;male;1992.3008823529408;0;0;A/4. 34244;2025-07-01 00:00:00;B96 B98;S
1;2;female;1994.0;1;0;2003;26.0;B96 B98;S
1;2;female;2003.0;0;0;250655;26.0;B96 B98;S
0;3;male;1992.3008823529408;0;0;364851;1975-07-01 00:00:00;B96 B98;Q
1;3;male;1990.0;0;0;SOTON/O.Q. 392078;2022-05-08 00:00:00;E10;S
1;1;male;1994.0;0;0;110564;26.55;C52;S
1;3;female;1992.3008823529408;1;0;376564;2022-01-16 00:00:00;B96 B98;S
1;2;female;1980.0;1;0;SC/AH 3085;26.0;B96 B98;S
0;3;male;2005.0;0;0;STON/O 2. 3101274;7.125;B96 B98;S
0;1;male;1972.0;1;0;13507;55.9;E44;S
1;1;female;2008.0;1;2;113760;120.0;B96 B98;S
0;3;female;2001.0;2;2;W./C. 6608;34.375;B96 B98;S
1;2;female;1998.0;2;3;29106;18.75;B96 B98;S
0;1;male;1958.0;1;4;19950;263.0;C23 C25 C27;S
0;2;male;1991.0;0;0;C.A. 18723;2022-05-10 00:00:00;B96 B98;S
1;2;female;1977.0;1;1;F.C.C. 13529;26.25;B96 B98;S
0;3;male;2002.0;0;0;345769;2022-05-09 00:00:00;B96 B98;S
0;3;male;1997.0;1;0;347076;7.775;B96 B98;S
1;2;female;1994.0;0;0;230434;13.0;B96 B98;S
1;3;male;1992.3008823529408;0;0;65306;8.1125;B96 B98;S
1;1;male;2018.0;0;2;33638;81.8583;A34;S
1;2;female;2009.0;0;1;250644;2022-05-19 00:00:00;B96 B98;S
1;1;male;1988.0;0;0;113794;26.55;B96 B98;S
1;3;female;2017.0;2;1;2666;19.2583;B96 B98;C
1;1;male;1970.0;0;0;113786;2022-05-30 00:00:00;C104;S
0;2;male;1986.0;1;2;C.A. 34651;27.75;B96 B98;S
0;3;male;1992.3008823529408;1;0;65303;19.9667;B96 B98;S
0;1;male;1992.0;0;0;113051;27.75;C111;C
1;1;male;1973.0;1;0;17453;89.1042;C92;C
0;3;male;1992.3008823529408;0;0;A/5 2817;2022-05-08 00:00:00;B96 B98;S
1;3;male;1993.0;0;0;349240;8958-07-01 00:00:00;B96 B98;C
0;1;male;1957.0;0;0;13509;26.55;E38;S
1;1;female;1992.3008823529408;1;0;17464;51.8625;D21;S
1;2;female;1972.0;0;0;F.C.C. 13531;2022-05-10 00:00:00;B96 B98;S
0;3;male;1992.3008823529408;0;0;371060;1975-07-01 00:00:00;B96 B98;Q
1;1;male;1974.0;0;0;19952;26.55;E12;S
0;3;male;1988.0;0;0;364506;2022-05-08 00:00:00;B96 B98;S
0;1;male;1975.0;0;0;111320;38.5;E63;S
0;2;male;1974.0;0;0;234360;13.0;B96 B98;S
0;3;male;1992.3008823529408;0;0;A/S 2816;2022-05-08 00:00:00;B96 B98;S
0;3;male;1984.0;0;0;SOTON/O.Q. 3101306;2022-05-07 00:00:00;B96 B98;S
0;2;male;1992.3008823529408;0;0;239853;0.0;B96 B98;S
0;1;male;1966.0;0;0;113792;26.55;B96 B98;S
0;3;male;1992.3008823529408;0;0;36209;7.725;B96 B98;Q
1;3;female;2021.25;2;1;2666;19.2583;B96 B98;C
0;3;male;1992.3008823529408;0;0;323592;2025-07-01 00:00:00;B96 B98;S
0;3;male;1984.0;0;0;315089;6625-08-01 00:00:00;B96 B98;S
1;2;female;1989.0;1;2;C.A. 34651;27.75;B96 B98;S
1;2;female;1999.0;0;0;SC/AH Basle 541;13.7917;D;C
0;3;female;2000.0;0;0;7553;8375-09-01 00:00:00;B96 B98;S
0;1;male;1992.3008823529408;0;0;110465;52.0;A14;S
0;2;male;1988.0;1;0;31027;21.0;B96 B98;S
0;3;male;1993.0;1;0;3460;7.0458;B96 B98;S
0;3;male;2000.0;0;0;350060;5208-07-01 00:00:00;B96 B98;S
1;3;female;2020.0;0;1;3101298;2875-12-01 00:00:00;B96 B98;S
0;3;male;2013.0;5;2;CA 2144;46.9;B96 B98;S
0;2;male;1992.3008823529408;0;0;239854;0.0;B96 B98;S
0;3;male;1972.0;0;0;A/5 3594;2022-05-08 00:00:00;B96 B98;S
1;3;female;1959.0;0;0;4134;5875-09-01 00:00:00;B96 B98;S
1;1;male;1997.0;1;0;11967;91.0792;B49;C
0;3;female;1992.3008823529408;3;1;4133;25.4667;B96 B98;S
1;1;female;1987.0;1;0;19943;90.0;C93;S
0;1;male;1964.0;0;0;11771;2022-07-29 00:00:00;B37;C
0;3;male;1992.0;0;0;A.5. 18509;2022-05-08 00:00:00;B96 B98;S
1;3;male;2013.0;1;1;C.A. 37671;2022-09-15 00:00:00;B96 B98;S
0;3;male;1992.3008823529408;1;0;65304;19.9667;B96 B98;S
0;3;male;2001.0;0;0;SOTON/OQ 3101317;2025-07-01 00:00:00;B96 B98;S
0;1;male;1967.0;0;0;113787;2022-05-30 00:00:00;C30;S
0;1;male;1951.0;0;0;PC 17609;49.5042;B96 B98;C
0;3;male;2001.0;0;0;A/4 45380;2022-05-08 00:00:00;B96 B98;S
0;3;male;1992.3008823529408;0;0;2627;14.4583;B96 B98;C
1;1;female;1968.0;1;0;36947;78.2667;D20;C
0;3;male;1992.3008823529408;0;0;C.A. 6212;2022-01-15 00:00:00;B96 B98;S
0;1;female;1997.0;1;2;113781;151.55;C22 C26;S
0;3;male;1998.0;0;0;350035;7958-07-01 00:00:00;B96 B98;S
0;3;male;2005.0;0;0;315086;6625-08-01 00:00:00;B96 B98;S
0;3;female;2001.0;0;0;364846;1975-07-01 00:00:00;B96 B98;Q
0;3;female;1992.3008823529408;0;0;330909;6292-07-01 00:00:00;B96 B98;Q
0;3;female;1985.0;0;0;4135;5875-09-01 00:00:00;B96 B98;S
1;1;female;2006.0;0;0;110152;86.5;B79;S
0;1;male;2004.0;1;0;PC 17758;108.9;C65;C
1;2;female;1989.0;0;2;26360;26.0;B96 B98;S
1;1;male;1992.3008823529408;0;0;111427;26.55;B96 B98;S
0;3;male;1994.0;0;0;C 4001;22.525;B96 B98;S
1;3;male;1996.0;0;0;1601;56.4958;B96 B98;S
1;3;male;1993.0;0;0;382651;1975-07-01 00:00:00;B96 B98;Q
0;3;male;1992.3008823529408;0;0;SOTON/OQ 3101316;2022-05-08 00:00:00;B96 B98;S
1;1;male;1986.0;0;0;PC 17473;26.2875;E25;S
1;1;female;1968.0;1;0;PC 17603;59.4;B96 B98;C
0;3;male;1998.0;0;0;349209;4958-07-01 00:00:00;B96 B98;S
0;1;male;1975.0;0;0;36967;34.0208;D46;S
1;2;female;1988.0;0;0;C.A. 34260;2022-05-10 00:00:00;F33;S
0;3;male;1992.3008823529408;0;0;371110;24.15;B96 B98;Q
1;2;female;1986.0;1;0;226875;26.0;B96 B98;S
0;3;male;1990.0;0;0;349242;8958-07-01 00:00:00;B96 B98;S
1;1;female;1992.0;0;0;12749;93.5;B73;S
0;3;male;2000.0;0;0;349252;8958-07-01 00:00:00;B96 B98;S
0;3;male;1992.3008823529408;0;0;2624;7.225;B96 B98;C
1;1;female;1978.0;0;1;111361;57.9792;B18;C
0;3;male;1992.3008823529408;0;0;2700;2292-07-01 00:00:00;B96 B98;C
0;3;male;1981.5;0;0;367232;1975-07-01 00:00:00;B96 B98;Q
1;2;female;1972.0;0;0;W./C. 14258;2022-05-10 00:00:00;B96 B98;S
0;1;male;1992.3008823529408;0;0;PC 17483;221.7792;C95;S
0;3;male;1983.0;0;0;3101296;7.925;B96 B98;S
0;2;male;1999.0;2;1;29104;2022-05-11 00:00:00;B96 B98;S
1;2;female;2020.0;1;1;26360;26.0;B96 B98;S
0;3;male;1992.3008823529408;0;0;2641;2292-07-01 00:00:00;B96 B98;C
0;3;male;2005.0;1;1;2690;2292-07-01 00:00:00;B96 B98;C
1;3;female;1992.3008823529408;0;2;2668;22.3583;B96 B98;C
0;3;female;1992.0;0;0;315084;6625-08-01 00:00:00;B96 B98;S
1;2;female;2015.0;0;2;F.C.C. 13529;26.25;B96 B98;S
0;1;male;1977.0;0;0;113050;26.55;B38;S
1;1;female;1992.0;0;0;PC 17761;106.425;B96 B98;C
0;3;male;1992.3008823529408;0;0;364498;2022-05-14 00:00:00;B96 B98;S
1;1;female;2000.0;0;2;13568;49.5;B39;C
1;1;female;1986.0;0;2;WE/P 5735;71.0;B22;S
0;3;female;2013.0;4;2;347082;31.275;B96 B98;S
0;3;female;2011.0;4;2;347082;31.275;B96 B98;S
1;2;male;1990.0;1;0;2908;26.0;B96 B98;S
0;1;male;1972.0;1;0;PC 17761;106.425;C86;C
0;1;male;1958.0;0;0;693;26.0;B96 B98;S
1;2;female;2003.0;1;0;2908;26.0;B96 B98;S
1;2;male;1992.3008823529408;0;0;SC/PARIS 2146;13.8625;B96 B98;C
0;3;male;1989.0;1;1;363291;20.525;B96 B98;S
1;2;male;2014.0;1;1;C.A. 33112;36.75;B96 B98;S
1;1;male;2005.0;0;2;17421;110.8833;C70;C
0;2;male;1995.0;0;0;244358;26.0;B96 B98;S
0;3;male;1992.3008823529408;0;0;330979;8292-07-01 00:00:00;B96 B98;Q
1;3;male;2000.0;0;0;2620;7.225;B96 B98;C
1;3;female;2000.0;0;0;347085;7.775;B96 B98;S
0;1;male;1960.0;0;0;113807;26.55;B96 B98;S
1;1;female;1974.0;1;0;11755;39.6;A16;C
0;1;male;1992.3008823529408;0;0;PC 17757;227.525;B96 B98;C
1;1;female;1983.0;1;1;110413;79.65;E67;S
1;3;female;1986.0;1;0;345572;2022-04-17 00:00:00;B96 B98;S
0;3;male;1992.3008823529408;0;0;372622;1975-07-01 00:00:00;B96 B98;Q
0;3;male;1982.0;0;0;349251;8958-07-01 00:00:00;B96 B98;S
0;2;male;1994.0;0;0;218629;2022-05-13 00:00:00;B96 B98;S
0;3;male;1992.3008823529408;0;0;SOTON/OQ 392082;2022-05-08 00:00:00;B96 B98;S
0;3;female;1992.3008823529408;0;0;SOTON/O.Q. 392087;2022-05-08 00:00:00;B96 B98;S
0;3;male;1998.0;2;0;A/4 48871;24.15;B96 B98;S
0;3;male;2003.0;0;0;349205;8958-07-01 00:00:00;B96 B98;S
0;3;female;1993.0;0;4;349909;21.075;B96 B98;S
0;3;male;1992.3008823529408;0;0;2686;2292-07-01 00:00:00;B96 B98;C
1;3;male;1990.0;0;0;350417;8542-07-01 00:00:00;B96 B98;S
1;2;male;1960.0;0;0;S.W./PP 752;2022-05-10 00:00:00;B96 B98;S
1;1;female;1969.0;2;0;11769;51.4792;C101;S
1;1;male;1986.0;0;0;PC 17474;26.3875;E25;S
1;3;female;1992.3008823529408;0;0;14312;1975-07-01 00:00:00;B96 B98;Q
0;3;male;2006.0;0;0;A/4. 20589;2022-05-08 00:00:00;B96 B98;S
0;3;male;2003.0;0;0;358585;2022-05-14 00:00:00;B96 B98;S
1;2;female;1988.0;0;0;243880;13.0;B96 B98;S
1;1;female;1983.0;1;0;13507;55.9;E44;S
0;3;female;1992.3008823529408;1;0;2689;14.4583;B96 B98;C
1;3;male;1990.0;0;0;STON/O 2. 3101286;7.925;B96 B98;S
1;2;female;1997.0;1;1;237789;30.0;B96 B98;S
1;1;female;1983.0;1;1;17421;110.8833;C68;C
0;2;male;1968.0;0;0;28403;26.0;B96 B98;S
0;1;male;1986.0;0;0;13049;40.125;A10;C
0;3;male;1992.3008823529408;0;0;3411;7125-08-01 00:00:00;B96 B98;C
1;1;female;2004.0;0;2;110413;79.65;E68;S
0;2;male;1975.0;0;0;237565;15.0;B96 B98;S
1;1;male;1962.0;1;1;13567;79.2;B41;C
0;3;male;2000.0;0;0;14973;2022-05-08 00:00:00;B96 B98;S
0;3;male;1992.3008823529408;0;0;A./5. 3235;2022-05-08 00:00:00;B96 B98;S
0;3;male;1987.0;0;0;STON/O 2. 3101273;7.125;B96 B98;S
1;1;female;1970.0;1;0;36947;78.2667;D20;C
0;3;male;1975.0;0;0;A/5 3902;2025-07-01 00:00:00;B96 B98;S
0;3;female;1992.3008823529408;0;2;364848;1975-07-01 00:00:00;B96 B98;Q
0;2;male;1985.0;1;0;SC/AH 29037;26.0;B96 B98;S
0;3;male;1986.0;1;1;345773;24.15;B96 B98;S
1;2;female;1992.3008823529408;0;0;248727;33.0;B96 B98;S
0;3;male;1973.0;0;0;LINE;0.0;B96 B98;S
0;3;male;1992.3008823529408;0;0;2664;7.225;B96 B98;C
1;1;male;1973.0;1;0;PC 17485;56.9292;A20;C
1;2;female;1998.0;2;1;243847;27.0;B96 B98;S
0;3;male;1992.3008823529408;0;0;349214;8958-07-01 00:00:00;B96 B98;S
0;1;male;1992.3008823529408;0;0;113796;42.4;B96 B98;S
0;3;male;1978.0;0;0;364511;2022-05-08 00:00:00;B96 B98;S
1;1;male;1987.0;0;0;111426;26.55;B96 B98;C
0;3;male;1986.0;1;0;349910;15.55;B96 B98;S
0;3;male;1992.0;0;0;349246;8958-07-01 00:00:00;B96 B98;S
1;1;male;1995.0;0;0;113804;2022-05-30 00:00:00;B96 B98;S
1;2;female;2000.0;1;2;SC/Paris 2123;41.5792;B96 B98;C
1;1;female;1982.0;0;0;PC 17582;153.4625;C125;S
0;3;female;1983.0;1;5;347082;31.275;B96 B98;S
0;3;male;1992.3008823529408;0;0;SOTON/O.Q. 3101305;2022-05-07 00:00:00;B96 B98;S
1;3;female;1992.3008823529408;1;0;367230;2022-05-15 00:00:00;B96 B98;Q
0;3;male;1992.3008823529408;0;0;370377;1975-07-01 00:00:00;B96 B98;Q
0;3;male;1987.0;0;0;364512;2022-05-08 00:00:00;B96 B98;S
1;2;female;1998.0;1;2;220845;65.0;B96 B98;S
0;3;male;1988.0;1;1;347080;2022-04-14 00:00:00;B96 B98;S
0;3;female;1996.0;1;0;A/5. 3336;2022-01-16 00:00:00;B96 B98;S
1;2;female;2018.0;2;1;230136;39.0;F4;S
0;2;male;1996.0;0;0;31028;2022-05-10 00:00:00;B96 B98;S
0;3;male;1995.0;1;0;2659;14.4542;B96 B98;C
1;1;male;1980.0;1;0;11753;52.5542;D19;S
1;3;male;2002.0;1;1;2653;15.7417;B96 B98;C
0;3;male;2001.0;0;0;350029;8542-07-01 00:00:00;B96 B98;S
0;3;male;2001.0;0;0;54636;2022-01-16 00:00:00;B96 B98;S
0;1;male;1961.0;0;0;36963;32.3208;D50;S
0;2;male;1965.0;0;0;219533;1935-12-01 00:00:00;B96 B98;Q
1;1;female;2001.0;0;0;13502;77.9583;D9;S
0;3;male;1996.0;0;0;349224;8958-07-01 00:00:00;B96 B98;S
0;3;male;1992.3008823529408;0;0;334912;7333-07-01 00:00:00;B96 B98;Q
1;1;male;1942.0;0;0;27042;30.0;A23;S
0;3;male;1971.0;0;0;347743;7.0542;B96 B98;S
1;1;male;1990.0;0;0;13214;2022-05-30 00:00:00;B50;C
0;1;male;1992.3008823529408;0;0;112052;0.0;B96 B98;S
0;3;female;2013.0;3;2;347088;2022-09-27 00:00:00;B96 B98;S
1;2;female;1994.0;0;0;237668;13.0;B96 B98;S
0;3;male;1990.0;0;0;STON/O 2. 3101292;7.925;B96 B98;S
0;2;male;1991.0;1;1;C.A. 31921;26.25;B96 B98;S
0;3;female;1981.0;0;5;3101295;39.6875;B96 B98;S
0;3;male;1992.3008823529408;1;0;376564;2022-01-16 00:00:00;B96 B98;S
0;3;male;2002.0;0;0;350050;8542-07-01 00:00:00;B96 B98;S
1;1;female;1998.0;0;0;PC 17477;69.3;B35;C
0;3;female;2020.0;3;2;347088;2022-09-27 00:00:00;B96 B98;S
1;3;male;1992.3008823529408;0;0;1601;56.4958;B96 B98;S
1;3;female;2021.25;2;1;2666;19.2583;B96 B98;C
1;1;male;1974.0;1;0;PC 17572;76.7292;D33;C
0;3;male;2003.0;0;0;349231;8958-07-01 00:00:00;B96 B98;S
1;1;male;1966.0;0;0;13213;35.5;A26;C
0;3;male;1992.3008823529408;0;0;S.O./P.P. 751;1955-07-01 00:00:00;B96 B98;S
1;3;female;1999.0;0;0;CA. 2314;1955-07-01 00:00:00;B96 B98;S
0;3;male;1992.3008823529408;0;0;349221;8958-07-01 00:00:00;B96 B98;S
1;2;female;2004.0;0;1;231919;23.0;B96 B98;S
0;3;male;2001.0;0;0;8475;4333-08-01 00:00:00;B96 B98;S
1;3;female;1992.3008823529408;0;0;330919;8292-07-01 00:00:00;B96 B98;Q
0;3;female;2004.0;0;0;365226;1975-06-01 00:00:00;B96 B98;Q
0;2;male;1998.0;2;0;S.O.C. 14879;73.5;B96 B98;S
0;3;male;1992.3008823529408;0;0;349223;8958-07-01 00:00:00;B96 B98;S
0;3;female;1990.0;1;1;364849;2022-05-15 00:00:00;B96 B98;Q
0;2;male;1999.0;0;0;29751;13.0;B96 B98;S
0;1;male;1964.0;0;2;35273;113.275;D48;C
1;1;male;1972.0;2;0;PC 17611;133.65;B96 B98;S
0;3;male;1982.0;0;0;2623;7.225;B96 B98;C
0;1;male;1975.0;0;0;5727;25.5875;E58;S
0;3;male;1986.0;0;0;349210;4958-07-01 00:00:00;B96 B98;S
1;3;male;2002.0;1;0;STON/O 2. 3101285;7.925;B96 B98;S
0;2;male;1990.0;2;0;S.O.C. 14879;73.5;B96 B98;S
0;2;male;1997.0;0;0;234686;13.0;B96 B98;S
0;3;male;1992.3008823529408;0;0;312993;7.775;B96 B98;S
0;3;male;1979.0;0;0;A/5 3536;2022-05-08 00:00:00;B96 B98;S
1;1;female;1992.3008823529408;1;0;19996;52.0;C126;S
1;2;female;1982.0;1;1;29750;39.0;B96 B98;S
0;1;male;1991.0;1;0;F.C. 12750;52.0;B71;S
0;2;male;1952.0;0;0;C.A. 24580;2022-05-10 00:00:00;B96 B98;S
1;2;male;1991.0;0;0;244270;13.0;B96 B98;S
0;2;male;1992.3008823529408;0;0;239856;0.0;B96 B98;S
0;3;male;2004.0;0;0;349912;7.775;B96 B98;S
0;3;male;1997.5;0;0;342826;2022-05-08 00:00:00;B96 B98;S
1;3;female;2004.0;0;0;4138;8417-09-01 00:00:00;B96 B98;S
0;3;female;1979.0;1;6;CA 2144;46.9;B96 B98;S
1;1;male;1986.0;0;1;PC 17755;512.3292;B51 B53 B55;C
0;3;female;1992.3008823529408;0;0;330935;8.1375;B96 B98;Q
1;1;male;1995.0;0;0;PC 17572;76.7292;D49;C
0;3;male;2002.0;0;0;6563;9.225;B96 B98;S
0;3;male;2008.0;5;2;CA 2144;46.9;B96 B98;S
0;2;male;1962.0;1;1;29750;39.0;B96 B98;S
0;2;male;1997.0;1;2;SC/Paris 2123;41.5792;B96 B98;C
0;3;male;2008.0;4;1;3101295;39.6875;B96 B98;S
0;3;male;2003.0;0;0;349228;10.1708;B96 B98;S
0;3;male;2004.0;0;0;350036;7958-07-01 00:00:00;B96 B98;S
1;1;female;2007.0;0;1;24160;211.3375;B5;S
1;1;male;1991.0;1;0;17474;57.0;B20;S
1;3;female;2018.0;0;1;349256;13.4167;B96 B98;C
1;3;male;1992.3008823529408;0;0;1601;56.4958;B96 B98;S
0;3;male;1997.0;0;0;2672;7.225;B96 B98;C
0;1;male;1962.0;0;0;113800;26.55;B96 B98;S
0;2;male;1970.0;0;0;248731;2022-05-13 00:00:00;B96 B98;S
0;3;male;1978.0;0;0;363592;2022-05-08 00:00:00;B96 B98;S
1;3;female;1992.3008823529408;0;0;35852;7333-07-01 00:00:00;B96 B98;Q
0;1;male;1973.0;1;1;17421;110.8833;C68;C
0;3;male;1980.0;0;0;348121;1965-07-01 00:00:00;F G63;S
1;1;female;2004.0;1;0;PC 17757;227.525;C62 C64;C
1;1;male;1987.0;0;0;PC 17475;26.2875;E24;S
0;3;female;2004.0;0;1;2691;14.4542;B96 B98;C
0;3;male;1997.0;0;0;36864;7417-07-01 00:00:00;B96 B98;Q
0;3;male;1996.0;1;0;350025;8542-07-01 00:00:00;B96 B98;S
0;2;male;1983.0;0;0;250655;26.0;B96 B98;S
1;2;female;1977.0;0;0;223596;2022-05-13 00:00:00;B96 B98;S
1;1;male;1980.0;0;0;PC 17476;26.2875;E24;S
1;1;female;2000.0;0;0;113781;151.55;B96 B98;S
1;3;male;1992.3008823529408;1;1;2661;15.2458;B96 B98;C
1;1;female;1998.0;0;0;PC 17482;49.5042;C90;C
0;1;male;1992.3008823529408;0;0;113028;26.55;C124;S
1;1;male;1974.0;1;0;19996;52.0;C126;S
0;3;male;1993.0;0;0;7545;4833-09-01 00:00:00;B96 B98;S
0;2;male;1970.0;0;0;250647;13.0;B96 B98;S
0;3;male;2003.0;0;0;348124;1965-07-01 00:00:00;F G73;S
1;1;female;1984.0;0;0;PC 17757;227.525;C45;C
1;2;female;1995.0;0;0;34218;2022-05-10 00:00:00;E101;S
0;3;male;1992.3008823529408;0;0;36568;2022-05-15 00:00:00;B96 B98;Q
0;3;male;1989.0;0;0;347062;7.775;B96 B98;S
1;2;female;2016.0;0;1;248727;33.0;B96 B98;S
0;3;male;2005.0;1;0;350048;7.0542;B96 B98;S
0;2;male;1988.0;0;0;12233;13.0;B96 B98;S
0;2;male;1972.0;0;0;250643;13.0;B96 B98;S
1;1;male;1995.0;1;0;113806;53.1;E8;S
0;3;male;2002.0;0;0;315094;6625-08-01 00:00:00;B96 B98;S
1;2;female;1992.0;3;0;31027;21.0;B96 B98;S
1;3;female;1992.3008823529408;0;0;36866;7375-07-01 00:00:00;B96 B98;Q
0;2;male;1997.0;1;0;236853;26.0;B96 B98;S
0;3;female;1997.0;1;0;STON/O2. 3101271;7.925;B96 B98;S
1;1;female;1993.0;0;0;24160;211.3375;B5;S
0;3;male;2011.0;0;0;2699;18.7875;B96 B98;C
0;2;male;1992.3008823529408;0;0;239855;0.0;B96 B98;S
0;2;male;1999.0;0;0;28425;13.0;B96 B98;S
0;2;male;1999.0;0;0;233639;13.0;B96 B98;S
0;3;male;1993.5;0;0;54636;2022-01-16 00:00:00;B96 B98;S
0;3;female;1974.0;1;3;W./C. 6608;34.375;B96 B98;S
1;1;male;1987.0;0;0;PC 17755;512.3292;B101;C
0;3;male;1992.3008823529408;0;0;349201;8958-07-01 00:00:00;B96 B98;S
0;3;male;1992.3008823529408;0;0;349218;8958-07-01 00:00:00;B96 B98;S
1;1;male;1992.3008823529408;0;0;16988;30.0;D45;S
0;1;male;1986.0;1;0;19877;78.85;C46;S
1;1;female;2001.0;2;2;PC 17608;262.375;B57 B59 B63 B66;C
0;3;male;1998.0;1;0;376566;2022-01-16 00:00:00;B96 B98;S
1;3;male;1991.0;0;0;STON/O 2. 3101288;7.925;B96 B98;S
0;1;male;1952.0;1;1;WE/P 5735;71.0;B22;S
0;3;male;2006.0;1;1;C.A. 2673;20.25;B96 B98;S
1;2;female;1992.0;0;0;250648;13.0;B96 B98;S
0;1;male;2003.0;1;0;113773;53.1;D30;S
0;3;male;1991.0;0;0;335097;1975-07-01 00:00:00;B96 B98;Q
1;2;female;2018.0;1;1;29103;23.0;B96 B98;S
1;3;male;2016.0;0;1;392096;12.475;E121;S
0;3;male;1989.0;0;0;345780;2022-05-09 00:00:00;B96 B98;S
0;3;male;1999.0;0;0;349204;8958-07-01 00:00:00;B96 B98;S
1;2;female;1974.0;1;2;220845;65.0;B96 B98;S
1;2;male;2021.33;1;1;250649;2022-05-14 00:00:00;B96 B98;S
0;3;male;1994.0;0;0;350042;7958-07-01 00:00:00;B96 B98;S
0;2;male;2004.0;0;0;29108;2022-05-11 00:00:00;B96 B98;S
0;3;male;1988.0;0;0;363294;2022-05-08 00:00:00;B96 B98;S
1;1;female;1989.0;0;0;110152;86.5;B77;S
0;3;male;1992.3008823529408;0;0;358585;2022-05-14 00:00:00;B96 B98;S
0;3;male;1981.0;0;0;SOTON/O2 3101272;7.125;B96 B98;S
1;3;male;2002.0;0;0;2663;2292-07-01 00:00:00;B96 B98;C
1;1;female;1986.0;1;2;113760;120.0;B96 B98;S
0;3;male;2006.0;0;0;347074;7.775;B96 B98;S
1;1;female;1971.0;1;0;13502;77.9583;D11;S
0;1;male;1992.3008823529408;0;0;112379;39.6;B96 B98;C
0;3;female;1991.5;0;0;364850;1975-07-01 00:00:00;B96 B98;Q
0;3;male;1992.3008823529408;1;0;371110;24.15;B96 B98;Q
0;3;male;1990.0;0;0;8471;3625-08-01 00:00:00;B96 B98;S
0;3;male;1998.0;0;0;345781;2022-05-09 00:00:00;B96 B98;S
0;3;male;1974.0;0;0;350047;8542-07-01 00:00:00;B96 B98;S
0;2;female;1965.0;0;0;S.O./P.P. 3;2022-05-10 00:00:00;E77;S
0;3;male;1992.3008823529408;0;0;2674;7.225;B96 B98;C
1;2;female;1968.0;1;3;29105;23.0;B96 B98;S
0;3;male;2004.0;0;0;347078;1975-07-01 00:00:00;B96 B98;S
0;3;male;1992.3008823529408;0;0;383121;1975-07-01 00:00:00;F38;Q
1;3;female;2017.0;0;0;364516;12.475;B96 B98;S
0;3;male;1992.3008823529408;0;0;36865;7375-07-01 00:00:00;B96 B98;Q
1;1;female;1979.0;0;1;24160;211.3375;B3;S
1;3;female;2009.0;0;0;2687;2292-07-01 00:00:00;B96 B98;C
1;1;female;2005.0;1;0;17474;57.0;B20;S
0;1;male;1993.0;0;0;113501;30.0;D6;S
0;3;male;1992.3008823529408;1;2;W./C. 6607;23.45;B96 B98;S
0;3;male;1997.0;0;0;SOTON/O.Q. 3101312;2022-05-07 00:00:00;B96 B98;S
0;3;male;1997.0;0;0;374887;2025-07-01 00:00:00;B96 B98;S
1;3;female;2004.0;0;0;3101265;4958-07-01 00:00:00;B96 B98;S
0;3;male;2014.0;4;1;382652;29.125;B96 B98;Q
1;3;male;2021.0;1;2;C.A. 2315;20.575;B96 B98;S
0;1;male;1976.0;0;0;PC 17593;79.2;B82 B84;C
0;3;male;1992.3008823529408;0;0;12460;1975-07-01 00:00:00;B96 B98;Q
0;2;male;2006.0;0;0;239865;26.0;B96 B98;S
0;3;female;1992.3008823529408;8;2;CA. 2343;69.55;B96 B98;S
0;1;male;1992.3008823529408;0;0;PC 17600;30.6958;B96 B98;C
0;3;male;1997.0;0;0;349203;8958-07-01 00:00:00;B96 B98;S
0;2;male;1983.0;0;0;28213;13.0;B96 B98;S
1;1;female;1973.0;0;0;17465;25.9292;D17;S
1;3;female;1991.0;0;0;349244;6833-08-01 00:00:00;B96 B98;S
0;3;male;1992.0;0;0;2685;2292-07-01 00:00:00;B96 B98;C
0;3;female;1992.0;1;1;345773;24.15;B96 B98;S
0;2;male;1988.0;0;0;250647;13.0;B96 B98;S
1;2;female;1991.0;1;1;C.A. 31921;26.25;B96 B98;S
1;1;male;2011.0;1;2;113760;120.0;B96 B98;S
1;3;male;2021.58;0;1;2625;5167-08-01 00:00:00;B96 B98;C
1;3;male;1995.0;0;0;347089;6.975;B96 B98;S
0;3;male;1991.0;0;0;347063;7.775;B96 B98;S
0;1;male;1983.0;0;0;112050;0.0;A36;S
0;3;female;2004.0;0;0;347087;7.775;B96 B98;S
0;2;male;1983.0;0;0;248723;13.0;B96 B98;S
1;1;female;1989.0;1;0;113806;53.1;E8;S
0;3;male;1996.0;0;0;3474;8875-07-01 00:00:00;B96 B98;S
0;3;male;1983.0;0;0;A/4 48871;24.15;B96 B98;S
0;2;male;1987.0;0;0;28206;2022-05-10 00:00:00;B96 B98;S
0;3;female;2016.0;4;2;347082;31.275;B96 B98;S
0;3;male;1991.5;0;0;364499;2022-05-08 00:00:00;B96 B98;S
0;1;male;1992.3008823529408;0;0;112058;0.0;B102;S
0;3;female;1999.0;0;0;STON/O2. 3101290;7.925;B96 B98;S
0;2;male;1991.0;1;1;S.C./PARIS 2079;37.0042;B96 B98;C
0;3;male;1979.0;0;0;C 7075;1945-06-01 00:00:00;B96 B98;S
0;3;male;2012.0;3;2;347088;2022-09-27 00:00:00;B96 B98;S
1;1;female;1970.0;1;1;12749;93.5;B69;S
1;3;male;1995.0;0;0;315098;6625-08-01 00:00:00;B96 B98;S
0;1;male;1984.0;0;0;19972;0.0;B96 B98;S
1;3;female;1995.0;0;1;392096;12.475;E121;S
0;3;male;2020.0;4;1;3101295;39.6875;B96 B98;S
0;3;male;1992.3008823529408;0;0;368323;1995-06-01 00:00:00;B96 B98;Q
0;3;male;1992.3008823529408;0;0;1601;56.4958;B96 B98;S
1;2;male;2021.0;0;2;S.C./PARIS 2079;37.0042;B96 B98;C
1;3;male;1992.3008823529408;0;0;367228;1975-07-01 00:00:00;B96 B98;Q
1;1;female;1960.0;0;0;113572;80.0;B28;S
1;3;female;2007.0;1;0;2659;14.4542;B96 B98;C
1;2;male;2021.17;1;1;29106;18.75;B96 B98;S
0;3;male;1992.3008823529408;0;0;2671;2292-07-01 00:00:00;B96 B98;C
0;3;male;1999.0;0;0;347468;8542-07-01 00:00:00;B96 B98;S
0;3;male;2004.0;0;0;2223;2022-03-08 00:00:00;B96 B98;S
1;1;female;1983.0;1;1;PC 17756;83.1583;E49;C
0;3;male;2001.0;0;0;315097;6625-08-01 00:00:00;B96 B98;S
0;3;male;1992.3008823529408;0;0;392092;2022-05-08 00:00:00;B96 B98;S
1;3;male;1990.0;0;0;1601;56.4958;B96 B98;S
1;1;male;1992.3008823529408;0;0;11774;2022-07-29 00:00:00;C47;C
0;3;male;2002.0;0;0;SOTON/O2 3101287;7.925;B96 B98;S
0;2;male;2006.0;0;0;S.O./P.P. 3;2022-05-10 00:00:00;B96 B98;S
1;1;female;1992.0;0;0;113798;31.0;B96 B98;C
0;3;male;1987.5;0;0;2683;4375-06-01 00:00:00;B96 B98;C
0;3;male;2005.0;0;0;315090;6625-08-01 00:00:00;B96 B98;S
0;3;male;1980.0;0;0;C.A. 5547;1955-07-01 00:00:00;B96 B98;S
0;3;male;1992.3008823529408;8;2;CA. 2343;69.55;B96 B98;S
0;3;male;1987.0;0;0;349213;8958-07-01 00:00:00;B96 B98;C
0;2;male;1994.0;0;1;248727;33.0;B96 B98;S
1;1;female;1992.3008823529408;1;0;17453;89.1042;C92;C
0;3;male;2018.0;4;2;347082;31.275;B96 B98;S
0;3;male;1948.0;0;0;347060;7.775;B96 B98;S
0;3;female;2013.0;1;1;2678;15.2458;B96 B98;C
1;1;female;2006.0;0;1;PC 17592;39.4;D28;S
0;2;female;1978.0;1;0;244252;26.0;B96 B98;S
1;3;female;2004.0;0;1;392091;1935-09-01 00:00:00;B96 B98;S
1;1;female;1977.0;1;1;36928;164.8667;B96 B98;S
1;1;male;1971.0;0;0;113055;26.55;E17;S
1;3;female;1998.0;0;3;2666;19.2583;B96 B98;C
0;3;male;1992.3008823529408;0;0;2629;2292-07-01 00:00:00;B96 B98;C
0;3;male;1981.0;2;0;350026;14.1083;B96 B98;S
0;2;male;2001.0;1;0;28134;2022-05-11 00:00:00;B96 B98;S
1;1;female;1974.0;0;0;17466;25.9292;D17;S
0;3;female;1992.3008823529408;8;2;CA. 2343;69.55;B96 B98;S
0;2;male;1998.0;0;0;233866;13.0;B96 B98;S
1;2;female;1980.0;0;0;236852;13.0;B96 B98;S
1;2;female;1995.0;1;0;SC/PARIS 2149;13.8583;B96 B98;C
0;1;male;1991.0;0;0;PC 17590;50.4958;A24;S
0;3;male;1992.3008823529408;0;0;345777;2022-05-09 00:00:00;B96 B98;S
1;3;male;2018.0;1;1;347742;11.1333;B96 B98;S
0;3;male;1996.0;0;0;349248;8958-07-01 00:00:00;B96 B98;S
1;1;female;1975.0;1;1;11751;52.5542;D35;S
0;1;male;1989.0;0;0;695;5.0;B51 B53 B55;S
0;3;male;1975.0;0;0;345765;9.0;B96 B98;S
1;2;female;1994.0;1;0;P/PP 3381;24.0;B96 B98;C
1;3;female;2007.0;0;0;2667;7.225;B96 B98;C
0;3;male;2002.0;0;0;7534;8458-09-01 00:00:00;B96 B98;S
0;3;male;2003.0;0;0;349212;8958-07-01 00:00:00;B96 B98;S
0;3;male;1992.3008823529408;0;0;349217;8958-07-01 00:00:00;B96 B98;S
1;1;female;1966.0;0;1;11767;83.1583;C50;C
1;2;female;1997.0;0;1;230433;26.0;B96 B98;S
0;3;male;1989.0;0;0;349257;8958-07-01 00:00:00;B96 B98;S
0;3;female;2000.0;0;0;7552;5167-10-01 00:00:00;B96 B98;S
0;2;male;1994.0;0;0;C.A./SOTON 34068;2022-05-10 00:00:00;B96 B98;S
0;3;male;1997.0;0;0;SOTON/OQ 392076;2022-05-07 00:00:00;B96 B98;S
0;3;female;1983.0;0;5;382652;29.125;B96 B98;Q
0;2;male;1995.0;0;0;211536;13.0;B96 B98;S
1;1;female;2003.0;0;0;112053;30.0;B42;S
0;3;female;1992.3008823529408;1;2;W./C. 6607;23.45;B96 B98;S
1;1;male;1996.0;0;0;111369;30.0;C148;C
0;3;male;1990.0;0;0;370376;1975-07-01 00:00:00;B96 B98;Q
